{
  "single_file": {
    "results": [
      {
        "command": "exiftool '/Users/allen/Documents/git/exiftools/tests/fixtures/jpeg/simple/sample_with_exif.jpg' > /dev/null",
        "mean": 0.03753141582,
        "stddev": 0.0005300072400547323,
        "median": 0.0374770627,
        "user": 0.03394679999999999,
        "system": 0.0028011999999999985,
        "min": 0.0366116257,
        "max": 0.0391009167,
        "times": [
          0.0367402087,
          0.0373033327,
          0.0374221667,
          0.0366116257,
          0.0367672917,
          0.0371356667,
          0.0375682917,
          0.0368718337,
          0.0369298327,
          0.037032332700000004,
          0.0372724997,
          0.0369271667,
          0.0379659167,
          0.0376705837,
          0.0372155417,
          0.0370392917,
          0.038117416700000004,
          0.0391009167,
          0.0367537077,
          0.0372488337,
          0.0377589577,
          0.0372067087,
          0.0379813747,
          0.0388389577,
          0.0374522917,
          0.0379290417,
          0.0376715827,
          0.0370132087,
          0.0370040827,
          0.0374246667,
          0.0371414167,
          0.0380325417,
          0.0372318327,
          0.0375090837,
          0.0374088327,
          0.0377502507,
          0.0375508747,
          0.0383093337,
          0.0373616667,
          0.0379834587,
          0.0382735827,
          0.0377180007,
          0.0379759167,
          0.0383326257,
          0.0378361667,
          0.0375018337,
          0.0376180837,
          0.0373937917,
          0.0377044167,
          0.0379617497
        ],
        "exit_codes": [
          0,
          0,
          0,
          0,
          0,
          0,
          0,
          0,
          0,
          0,
          0,
          0,
          0,
          0,
          0,
          0,
          0,
          0,
          0,
          0,
          0,
          0,
          0,
          0,
          0,
          0,
          0,
          0,
          0,
          0,
          0,
          0,
          0,
          0,
          0,
          0,
          0,
          0,
          0,
          0,
          0,
          0,
          0,
          0,
          0,
          0,
          0,
          0,
          0,
          0
        ]
      },
      {
        "command": "'/Users/allen/Documents/git/exiftools/target/release/exiftool-rs' '/Users/allen/Documents/git/exiftools/tests/fixtures/jpeg/simple/sample_with_exif.jpg' > /dev/null",
        "mean": 0.00233610104,
        "stddev": 0.00010014487204058381,
        "median": 0.0023088337000000004,
        "user": 0.0011757999999999998,
        "system": 0.000756,
        "min": 0.0020578337000000005,
        "max": 0.0025760827000000006,
        "times": [
          0.0024322507000000006,
          0.0025702497000000004,
          0.0023107507000000005,
          0.0024847087000000006,
          0.0022800837000000007,
          0.002436750700000001,
          0.0024667917000000005,
          0.0023709587000000005,
          0.0023190007,
          0.0022736257000000007,
          0.0022912917000000002,
          0.0022977087,
          0.0024164167000000005,
          0.0022672087,
          0.0021996247,
          0.0023286247000000007,
          0.0022655837,
          0.0023889577,
          0.0023035417000000003,
          0.0024242917000000005,
          0.0025218757,
          0.0022927917,
          0.0022954587000000005,
          0.0025760827000000006,
          0.0024982087000000003,
          0.0023033757,
          0.0024369587000000006,
          0.0024352507,
          0.0023013747000000004,
          0.0023062087,
          0.0023069167000000002,
          0.0022440417000000007,
          0.0022801667000000004,
          0.0022604587,
          0.0020578337000000005,
          0.0023270417000000004,
          0.0023109997000000005,
          0.0023138747000000007,
          0.0022224167000000007,
          0.0023521257000000003,
          0.0022680417000000004,
          0.0022582497000000006,
          0.0023825837,
          0.0021890417000000003,
          0.0023955837,
          0.0023066257000000008,
          0.0023384997,
          0.0024116257,
          0.0022158757,
          0.0022670417000000003
        ],
        "exit_codes": [
          0,
          0,
          0,
          0,
          0,
          0,
          0,
          0,
          0,
          0,
          0,
          0,
          0,
          0,
          0,
          0,
          0,
          0,
          0,
          0,
          0,
          0,
          0,
          0,
          0,
          0,
          0,
          0,
          0,
          0,
          0,
          0,
          0,
          0,
          0,
          0,
          0,
          0,
          0,
          0,
          0,
          0,
          0,
          0,
          0,
          0,
          0,
          0,
          0,
          0
        ]
      }
    ]
  },
  "batch": {
    "results": [
      {
        "command": "exiftool -r '/var/folders/t6/nf3m4kn14ks5kxcqqd6f4h5w0000gp/T/tmp.ZKslmJGFc0/batch_test' > /dev/null 2>&1",
        "mean": 0.9163643128000001,
        "stddev": 0.00795925679021569,
        "median": 0.9197176380000001,
        "user": 0.8867597,
        "system": 0.028450259999999998,
        "min": 0.9074358870000001,
        "max": 0.9258390550000001,
        "times": [
          0.9074358870000001,
          0.9087108460000001,
          0.9258390550000001,
          0.9201181380000001,
          0.9197176380000001
        ],
        "exit_codes": [
          0,
          0,
          0,
          0,
          0
        ]
      },
      {
        "command": "'/Users/allen/Documents/git/exiftools/target/release/exiftool-rs' -r '/var/folders/t6/nf3m4kn14ks5kxcqqd6f4h5w0000gp/T/tmp.ZKslmJGFc0/batch_test' > /dev/null 2>&1",
        "mean": 0.014110438,
        "stddev": 0.0003170144980367615,
        "median": 0.014011304,
        "user": 0.0155201,
        "system": 0.03984046,
        "min": 0.013748055,
        "max": 0.01451018,
        "times": [
          0.013918680000000001,
          0.014363971000000001,
          0.013748055,
          0.014011304,
          0.01451018
        ],
        "exit_codes": [
          0,
          0,
          0,
          0,
          0
        ]
      }
    ]
  },
  "write": {
    "results": [
      {
        "command": "exiftool -Artist='BenchmarkTest' -overwrite_original '/var/folders/t6/nf3m4kn14ks5kxcqqd6f4h5w0000gp/T/tmp.ZKslmJGFc0/write_test/test_perl.jpg' > /dev/null 2>&1",
        "mean": 0.09683352612,
        "stddev": 0.001273026935924505,
        "median": 0.09640109002000002,
        "user": 0.09083387333333333,
        "system": 0.00505754,
        "min": 0.09502596502000002,
        "max": 0.10134842302000001,
        "times": [
          0.09576271502000001,
          0.09633800602000002,
          0.09579721502,
          0.09562975702000001,
          0.09636659002000002,
          0.09667704802000002,
          0.09632775702000002,
          0.09795284002000001,
          0.09709388202000001,
          0.09785650702000001,
          0.09706209002000002,
          0.09575909002,
          0.09874092302000001,
          0.09855800702000002,
          0.10134842302000001,
          0.09628896502,
          0.09665579802000002,
          0.09695329802000001,
          0.09841813102000001,
          0.09643559002000002,
          0.09622025602000002,
          0.09618592402000001,
          0.09777359002000001,
          0.09502596502000002,
          0.09610425702000001,
          0.09738346502000002,
          0.09633346502000001,
          0.09567917402000001,
          0.09555863202,
          0.09671842302000001
        ],