{
  "single_file": {
    "results": [
      {
        "command": "exiftool '/Users/allen/Documents/git/exiftools/tests/fixtures/jpeg/simple/sample_with_exif.jpg' > /dev/null",
        "mean": 0.038742881679999994,
        "stddev": 0.0004789746150134343,
        "median": 0.03867031396000001,
        "user": 0.034762879999999996,
        "system": 0.0027982200000000006,
        "min": 0.03782420996,
        "max": 0.040190834960000005,
        "times": [
          0.03913183496,
          0.03798075196,
          0.03833129296,
          0.03782420996,
          0.03859358496,
          0.03795083496,
          0.03858566796,
          0.03849087696,
          0.03831125196,
          0.038676292960000004,
          0.03794383496,
          0.039220876960000005,
          0.038448334960000004,
          0.03813795996,
          0.03859475196,
          0.03823350196,
          0.03871166896,
          0.03855170996,
          0.038492126960000005,
          0.03822225196,
          0.03847987696,
          0.038835542960000004,
          0.03963504296,
          0.040190834960000005,
          0.03841737596,
          0.03872537696,
          0.03885620996,
          0.03927516796,
          0.03863716896,
          0.038702750960000004,
          0.03865854396,
          0.03955345996,
          0.03842775196,
          0.03901145996,
          0.03913725196,
          0.03860954296,
          0.03895512696,
          0.039325418960000004,
          0.03872029296,
          0.03906262596,
          0.038448543960000005,
          0.03925275196,
          0.03876700196,
          0.03851175096,
          0.039034668960000005,
          0.039641542960000005,
          0.038664334960000005,
          0.039193167960000004,
          0.03877904296,
          0.03920083496
        ],
        "exit_codes": [
          0,
          0,
          0,
          0,
          0,
          0,
          0,
          0,
          0,
          0,
          0,
          0,
          0,
          0,
          0,
          0,
          0,
          0,
          0,
          0,
          0,
          0,
          0,
          0,
          0,
          0,
          0,
          0,
          0,
          0,
          0,
          0,
          0,
          0,
          0,
          0,
          0,
          0,
          0,
          0,
          0,
          0,
          0,
          0,
          0,
          0,
          0,
          0,
          0,
          0
        ]
      },
      {
        "command": "'/Users/allen/Documents/git/exiftools/target/release/exiftool-rs' '/Users/allen/Documents/git/exiftools/tests/fixtures/jpeg/simple/sample_with_exif.jpg' > /dev/null",
        "mean": 0.0027049633000000004,
        "stddev": 0.000447745407025685,
        "median": 0.0026005014600000006,
        "user": 0.0013433,
        "system": 0.0008709999999999999,
        "min": 0.0021841689600000003,
        "max": 0.00420433496,
        "times": [
          0.0035549179600000004,
          0.00420433496,
          0.0038978769600000007,
          0.0034891679600000006,
          0.003488293960000001,
          0.0035510849600000004,
          0.003332542960000001,
          0.0031919179600000008,
          0.0030460019600000005,
          0.0028826679600000003,
          0.0028077519600000008,
          0.0027571269600000004,
          0.0026034599600000007,
          0.00251095996,
          0.0023516689600000004,
          0.00252395996,
          0.002476626960000001,
          0.0023597929600000004,
          0.0023008769600000004,
          0.0022261259600000007,
          0.002355042960000001,
          0.002749792960000001,
          0.00249837696,
          0.0024273349600000007,
          0.0022800019600000003,
          0.00227583496,
          0.0023273759600000005,
          0.0023137929600000003,
          0.0021841689600000003,
          0.0024646259600000007,
          0.0025975429600000005,
          0.0025096689600000006,
          0.0026082519600000007,
          0.0023289599600000003,
          0.002372043960000001,
          0.0024617939600000004,
          0.002322042960000001,
          0.0025915429600000006,
          0.0024480849600000006,
          0.0026382519600000004,
          0.0026897519600000007,
          0.0026086679600000003,
          0.0025363759600000005,
          0.0027060429600000006,
          0.0029005849600000004,
          0.0027707939600000006,
          0.0027044599600000003,
          0.002736667960000001,
          0.002629251960000001,
          0.002653875960000001
        ],
        "exit_codes": [
          0,
          0,
          0,
          0,
          0,
          0,
          0,
          0,
          0,
          0,
          0,
          0,
          0,
          0,
          0,
          0,
          0,
          0,
          0,
          0,
          0,
          0,
          0,
          0,
          0,
          0,
          0,
          0,
          0,
          0,
          0,
          0,
          0,
          0,
          0,
          0,
          0,
          0,
          0,
          0,
          0,
          0,
          0,
          0,
          0,
          0,
          0,
          0,
          0,
          0
        ]
      }
    ]
  },
  "batch": {
    "results": [
      {
        "command": "exiftool -r '/var/folders/t6/nf3m4kn14ks5kxcqqd6f4h5w0000gp/T/tmp.VgPR0RBPEU/batch_test' > /dev/null 2>&1",
        "mean": 0.9295256672600001,
        "stddev": 0.006424277031023072,
        "median": 0.9268035334600001,
        "user": 0.89952118,
        "system": 0.02887536,
        "min": 0.9228769504600001,
        "max": 0.9386464504600001,
        "times": [
          0.9386464504600001,
          0.9268035334600001,
          0.9335397844600001,
          0.9257616174600001,
          0.9228769504600001
        ],
        "exit_codes": [
          0,
          0,
          0,
          0,
          0
        ]
      },
      {
        "command": "'/Users/allen/Documents/git/exiftools/target/release/exiftool-rs' -r '/var/folders/t6/nf3m4kn14ks5kxcqqd6f4h5w0000gp/T/tmp.VgPR0RBPEU/batch_test' > /dev/null 2>&1",
        "mean": 0.011739909260000002,
        "stddev": 0.00016316687180828088,
        "median": 0.011704117460000002,
        "user": 0.01433478,
        "system": 0.04313596,
        "min": 0.01158432646,
        "max": 0.01200324246,
        "times": [
          0.011771284460000002,
          0.011704117460000002,
          0.011636575460000001,
          0.01200324246,
          0.01158432646
        ],
        "exit_codes": [
          0,
          0,
          0,
          0,
          0
        ]
      }
    ]
  },
  "write": {
    "results": [
      {
        "command": "exiftool -Artist='BenchmarkTest' -overwrite_original '/var/folders/t6/nf3m4kn14ks5kxcqqd6f4h5w0000gp/T/tmp.VgPR0RBPEU/write_test/test_perl.jpg' > /dev/null 2>&1",
        "mean": 0.09821449364666665,
        "stddev": 0.0009938513783541822,
        "median": 0.09817624498000001,
        "user": 0.09196503333333332,
        "system": 0.005276073333333334,
        "min": 0.09638161998,
        "max": 0.10154041198000001,